Team,Year,GP,P,ROW,GF,Ave Salary,Salary Variation,Full Team Name,RawGini,Gini2,RosterSize,OrtegaGamma,Atkinson
ANA,2024,82,80,31,217,3094967,2453877.65,Anaheim Ducks,0.4289,0.18395521,25,0.6548,0.1578
BOS,2024,82,76,33,222,4030132,3256674.369,Boston Bruins,0.4451,0.19811401,19,0.6893,0.17
BUF,2024,82,79,32,265,3169409,2811172.853,Buffalo Sabres,0.4591,0.21077281,25,0.8195,0.1697
CGY,2024,82,96,36,220,2545387,2378075.497,Calgary Flames,0.4574,0.20921476,28,0.9052,0.1662
CAR,2024,82,99,47,266,3441485,2664050.267,Carolina Hurricanes,0.4197,0.17614809,27,0.6223,0.145
CHI,2024,82,61,23,224,3005159,1937055.468,Chicago Blackhawks,0.356,0.126736,24,0.4335,0.1104
COL,2024,82,102,45,273,3899038,2948145.447,Colorado Avalanche,0.409,0.167281,26,0.5946,0.1412
CBJ,2024,82,89,34,267,2638782,2157052.027,Columbus Blue Jackets,0.4183,0.17497489,26,0.6949,0.1376
DAL,2024,82,106,48,275,4159931,3084401.483,Dallas Stars,0.4117,0.16949689,24,0.5737,0.1449
DET,2024,82,86,36,235,3408528,2705530.507,Detroit Red Wings,0.4342,0.18852964,26,0.6552,0.161
EDM,2024,82,101,48,259,3082417,2873996.611,Edmonton Oilers,0.4641,0.21538881,30,0.8993,0.1707
FLA,2024,82,98,41,246,3852685,3283531.406,Florida Panthers,0.463,0.214369,27,0.7543,0.1817
LAK,2024,82,105,47,249,3230982,2751073.983,Los Angeles Kings,0.452,0.204304,28,0.7518,0.1769
MIN,2024,82,97,42,225,3223841,2337742.455,Minnesota Wild,0.3953,0.15626209,23,0.5497,0.1264
MTL,2024,82,91,38,243,3493533,2826979.43,Montreal Canadiens,0.4355,0.18966025,25,0.6821,0.1566
NSH,2024,82,68,28,212,2968032,2818358.421,Nashville Predators,0.4873,0.23746129,23,0.9427,0.1996
NJD,2024,82,91,40,240,3158790,2653514.13,New Jersey Devils,0.4481,0.20079361,31,0.7292,0.1639
NYI,2024,82,82,33,222,3130874,2664873.513,New York Islanders,0.4561,0.20802721,28,0.7513,0.1722
NYR,2024,82,85,38,255,3015441,3108796.667,New York Rangers,0.5097,0.25979409,28,1.1022,0.2108
OTT,2024,82,97,44,242,3626627,2763342.411,Ottawa Senators,0.4229,0.17884441,24,0.6058,0.1572
PHI,2024,82,76,27,232,2680167,2109731.549,Philadelphia Flyers,0.4119,0.16966161,25,0.6454,0.1347
PIT,2024,82,80,33,242,2754152,2687230.821,Pittsburgh Penguins,0.4827,0.23299929,33,0.9817,0.187
SJS,2024,82,52,18,208,2281773,2013316.902,San Jose Sharks,0.432,0.186624,27,0.8085,0.1492
SEA,2024,82,76,33,245,3761452,2404931.781,Seattle Kraken,0.3603,0.12981609,20,0.4303,0.1276
STL,2024,82,96,40,250,3554822,2621810.743,St. Louis Blues,0.4098,0.16793604,25,0.5666,0.1512
TBL,2024,82,102,45,292,4031354,3312041.436,Tampa Bay Lightning,0.4506,0.20304036,24,0.7043,0.1873
TOR,2024,82,108,51,267,3605127,3713928.916,Toronto Maple Leafs,0.5056,0.25563136,27,1.1021,0.2049
VAN,2024,82,90,35,233,3340551,2858116.696,Vancouver Canucks,0.4502,0.20268004,23,0.7653,0.1648
VGK,2024,82,110,49,274,3367327,2916780.192,Vegas Golden Knights,0.4595,0.21114025,29,0.7771,0.1704
WPG,2024,82,116,54,275,2904124,2383544.868,Winnipeg Jets,0.4373,0.19123129,31,0.6961,0.1537
ANA,2023,82,59,26,203,2489057.54,2217507.36,Anaheim Ducks,0.4525,0.20475625,28,0.8231,0.173
ARI,2023,82,77,34,254,2985676,2364045.03,Arizona Coyotes,0.4192,0.17572864,22,0.6568,0.1385
BOS,2023,82,109,43,263,3040892.86,2721313.96,Boston Bruins,0.4578,0.20958084,28,0.8305,0.17
BUF,2023,82,84,37,244,3109720.43,2335254.38,Buffalo Sabres,0.4062,0.16499844,23,0.5896,0.1319
CGY,2023,82,81,38,253,3166413.04,2715019.08,Calgary Flames,0.4541,0.20620681,23,0.7686,0.1788
CAR,2023,82,111,50,277,3533682.11,2659839.32,Carolina Hurricanes,0.4178,0.17455684,27,0.5884,0.148
CHI,2023,82,52,22,178,2657651.5,2232513.28,Chicago Blackhawks,0.4303,0.18515809,22,0.7393,0.1507
COL,2023,82,107,48,302,3542000,3106338.04,Colorado Avalanche,0.4573,0.20912329,25,0.8012,0.1691
CBJ,2023,82,66,24,234,2913621.77,2895721.37,Columbus Blue Jackets,0.4938,0.24383844,26,1.0273,0.1979
DAL,2023,82,113,48,294,3791159.43,3012632.13,Dallas Stars,0.4329,0.18740241,23,0.6602,0.1569
DET,2023,82,91,38,275,3548787.86,2240915.98,Detroit Red Wings,0.353,0.124609,22,0.4177,0.1059
EDM,2023,82,104,47,292,3502083.33,3129943.31,Edmonton Oilers,0.4668,0.21790224,24,0.8335,0.1787
FLA,2023,82,110,49,265,3283205.15,2964452.14,Florida Panthers,0.4652,0.21641104,26,0.8479,0.1726
LAK,2023,82,99,42,254,3580253.65,3174855.54,Los Angeles Kings,0.4705,0.22137025,23,0.8221,0.184
MIN,2023,82,87,36,248,2839266.64,2458436.93,Minnesota Wild,0.4519,0.20421361,25,0.781,0.1633
MTL,2023,82,76,26,232,2982147.38,2681425.04,Montreal Canadiens,0.4642,0.21548164,26,0.8408,0.1745
NSH,2023,82,99,44,266,3102038,2393597.46,Nashville Predators,0.4129,0.17048641,24,0.6213,0.1401
NJD,2023,82,81,38,264,3111800,2878462.82,New Jersey Devils,0.4774,0.22791076,25,0.8913,0.1897
NYI,2023,82,94,38,245,3299709.92,2512250.66,New York Islanders,0.4177,0.17447329,26,0.6028,0.144
NYR,2023,82,114,51,278,3660360.92,3116728.59,New York Rangers,0.4574,0.20921476,25,0.7552,0.1766
OTT,2023,82,78,32,250,3191383.88,2734603.82,Ottawa Senators,0.4586,0.21031396,24,0.7662,0.1771
PHI,2023,82,87,34,231,3201979.17,2310686.61,Philadelphia Flyers,0.3963,0.15705369,24,0.5434,0.1272
PIT,2023,82,88,36,253,3554355.43,2808273.72,Pittsburgh Penguins,0.4218,0.17791524,23,0.6526,0.1533
SJS,2023,82,47,18,180,2288125,1930862.06,San Jose Sharks,0.4243,0.18003049,28,0.7385,0.1415
SEA,2023,82,81,31,214,3310688.39,2038718.88,Seattle Kraken,0.3475,0.12075625,23,0.3964,0.1082
STL,2023,82,92,38,234,3816834.41,2741738.79,St. Louis Blues,0.3995,0.15960025,22,0.5406,0.1554
TBL,2023,82,98,42,288,3517380.89,3275531.76,Tampa Bay Lightning,0.4917,0.24176889,28,0.8993,0.2076
TOR,2023,82,102,41,298,3591881.63,3242151.78,Toronto Maple Leafs,0.4731,0.22382361,30,0.8428,0.1822
VAN,2023,82,109,50,279,3392350,2392075.89,Vancouver Canucks,0.3949,0.15594601,25,0.5179,0.1312
VGK,2023,82,98,41,263,3941758.63,2779646.87,Vegas Golden Knights,0.3902,0.15225604,27,0.5164,0.1324
WPG,2023,82,110,52,259,3297763.69,2073569.52,Winnipeg Jets,0.356,0.126736,26,0.4112,0.1121
ANA,2022,82,58,20,206,2122000,1855197.9,Anaheim Ducks,0.4327,0.18722929,30,0.7907,0.1508
ARI,2022,82,70,25,225,2897550.61,2463564.27,Arizona Coyotes,0.4497,0.20223009,23,0.7557,0.1626
BOS,2022,82,135,61,301,3574733.32,2299605.6,Boston Bruins,0.3593,0.12909649,25,0.4311,0.1125
BUF,2022,82,91,39,293,2511018.52,2040183.76,Buffalo Sabres,0.4083,0.16670889,27,0.6855,0.1307
CGY,2022,82,93,36,258,3514583.33,2045608.44,Calgary Flames,0.3302,0.10903204,24,0.3535,0.1068
CAR,2022,82,113,48,262,3539330.26,2449380.49,Carolina Hurricanes,0.389,0.151321,27,0.4973,0.1296
CHI,2022,82,59,24,202,2480000,2596206.66,Chicago Blackhawks,0.4842,0.23444964,25,1.1416,0.1889
COL,2022,82,109,45,274,3336153.85,2603170.87,Colorado Avalanche,0.4249,0.18054001,26,0.6332,0.15
CBJ,2022,82,59,24,213,2636666.64,2792183.75,Columbus Blue Jackets,0.5023,0.25230529,25,1.1682,0.205
DAL,2022,82,108,43,281,3447300,2860656.76,Dallas Stars,0.4458,0.19873764,25,0.7173,0.1621
DET,2022,82,80,32,237,2147307.69,1707885.52,Detroit Red Wings,0.4106,0.16859236,26,0.6579,0.1347
EDM,2022,82,109,50,325,3410166.64,3077210.58,Edmonton Oilers,0.4678,0.21883684,25,0.8482,0.1788
FLA,2022,82,92,40,288,3230000.04,3090266.97,Florida Panthers,0.4941,0.24413481,25,0.9535,0.1993
LAK,2022,82,104,41,274,2892230.32,2915584.16,Los Angeles Kings,0.5002,0.25020004,25,1.0586,0.2114
MIN,2022,82,103,39,239,2975956.78,2505185.17,Minnesota Wild,0.4477,0.20043529,27,0.7359,0.1633
MTL,2022,82,68,26,227,2992876.29,2481137.29,Montreal Canadiens,0.437,0.190969,31,0.7102,0.1587
NSH,2022,82,92,36,223,2661060.82,2751440.44,Nashville Predators,0.5018,0.25180324,28,1.1087,0.2069
NJD,2022,82,112,50,289,3276825.27,2419989.03,New Jersey Devils,0.4055,0.16443025,26,0.5672,0.136
NYI,2022,82,93,41,242,3235576.92,2199234.14,New York Islanders,0.3813,0.14538969,26,0.4805,0.1281
NYR,2022,82,107,43,273,3864214.28,3504282.95,New York Rangers,0.4852,0.23541904,25,0.8567,0.1973
OTT,2022,82,86,37,259,2948928.6,2555723.09,Ottawa Senators,0.4563,0.20820969,25,0.7824,0.1702
PHI,2022,82,75,29,220,3421007.6,2480601.9,Philadelphia Flyers,0.4032,0.16257024,25,0.5477,0.1469
PIT,2022,82,91,39,261,3464590.62,2268627.45,Pittsburgh Penguins,0.3687,0.13593969,24,0.4474,0.1215
SJS,2022,82,60,21,233,2851153.85,2754191.67,San Jose Sharks,0.4679,0.21893041,26,0.9705,0.1738
SEA,2022,82,100,46,289,3070256.38,1888304.28,Seattle Kraken,0.3475,0.12075625,26,0.3934,0.112
STL,2022,82,81,34,260,3160797.09,2266932.36,St. Louis Blues,0.3994,0.15952036,23,0.5378,0.1428
TBL,2022,82,98,43,280,3591354.17,3210427.02,Tampa Bay Lightning,0.4759,0.22648081,24,0.8339,0.1919
TOR,2022,82,111,49,278,3458807.34,3423472.54,Toronto Maple Leafs,0.5048,0.25482304,29,1.0147,0.2081
VAN,2022,82,83,32,270,3041681.03,2469161.14,Vancouver Canucks,0.4411,0.19456921,29,0.6825,0.1656
VGK,2022,82,111,46,267,3417528.14,2611455.69,Vegas Golden Knights,0.4042,0.16337764,29,0.6048,0.1309
WPG,2022,82,95,45,246,3203068.74,2498568.3,Winnipeg Jets,0.4258,0.18130564,27,0.6319,0.1626
ANA,2021,82,76,27,228,2005157.04,1860871.19,Anaheim Ducks,0.4389,0.19263321,26,0.8957,0.1569
ARI,2021,82,57,24,206,2605080.82,2267641.26,Arizona Coyotes,0.4549,0.20693401,33,0.7814,0.1765
BOS,2021,82,107,49,253,2823848.58,2039182.51,Boston Bruins,0.3992,0.15936064,31,0.5389,0.1331
BUF,2021,82,75,29,229,2273222.2,2105250.37,Buffalo Sabres,0.4532,0.20539024,30,0.8873,0.164
CGY,2021,82,111,48,291,3190219.11,2210808.69,Calgary Flames,0.388,0.150544,27,0.4987,0.1361
CAR,2021,82,116,53,277,3572411.4,2294071.59,Carolina Hurricanes,0.3606,0.13003236,25,0.4296,0.1159
CHI,2021,82,68,22,213,3014062.5,2869146.43,Chicago Blackhawks,0.4774,0.22791076,24,0.9455,0.1899
COL,2021,82,119,52,308,3122172.61,2553172.55,Colorado Avalanche,0.4392,0.19289664,28,0.6935,0.159
CBJ,2021,82,81,33,258,2357306.1,2087612.47,Columbus Blue Jackets,0.443,0.196249,29,0.8123,0.1549
DAL,2021,82,98,41,233,3178240.74,2806300.99,Dallas Stars,0.4623,0.21372129,27,0.8096,0.1699
DET,2021,82,74,29,227,2073247.14,1641273.03,Detroit Red Wings,0.411,0.168921,29,0.6491,0.136
EDM,2021,82,104,44,285,3306466.32,2730371.69,Edmonton Oilers,0.4169,0.17380561,25,0.7103,0.1384
FLA,2021,82,122,55,337,2977347.2,2569213.76,Florida Panthers,0.453,0.205209,30,0.7703,0.1652
LAK,2021,82,99,40,235,2713556.93,2636183.68,Los Angeles Kings,0.4717,0.22250089,30,0.9763,0.1775
MIN,2021,82,113,48,305,3323888.83,2545755.2,Minnesota Wild,0.4211,0.17732521,24,0.6121,0.1494
MTL,2021,82,55,19,218,2750179.67,2559863.73,Montreal Canadiens,0.4737,0.22439169,30,0.8963,0.1862
NSH,2021,82,97,41,262,2552212.74,2521663.79,Nashville Predators,0.4865,0.23668225,27,1.0138,0.1898
NJD,2021,82,63,24,245,2324921.84,2281303.37,New Jersey Devils,0.4628,0.21418384,32,0.9939,0.1721
NYI,2021,82,84,35,229,3038233.36,2227222.05,New York Islanders,0.4042,0.16337764,25,0.5598,0.1478
NYR,2021,82,110,48,250,2759326.71,2583709.91,New York Rangers,0.4585,0.21022225,28,0.9092,0.1654
OTT,2021,82,73,30,224,2326772.47,2168234.86,Ottawa Senators,0.4546,0.20666116,30,0.8983,0.1653
PHI,2021,82,61,24,210,2760155.57,2345176.29,Philadelphia Flyers,0.45,0.2025,28,0.7486,0.1754
PIT,2021,82,103,43,269,3482493.84,2493221.7,Pittsburgh Penguins,0.3944,0.15555136,25,0.5339,0.1319
SJS,2021,82,77,29,211,2474973.1,2803823.69,San Jose Sharks,0.5167,0.26697889,31,1.3262,0.2212
SEA,2021,82,60,24,213,2844928.79,1832740.58,Seattle Kraken,0.3598,0.12945604,24,0.4331,0.1215
STL,2021,82,109,47,309,3417500,2471558.21,St. Louis Blues,0.4043,0.16345849,25,0.5448,0.1491
TBL,2021,82,110,49,285,4037500,3084369.96,Tampa Bay Lightning,0.4231,0.17901361,22,0.6114,0.1588
TOR,2021,82,115,51,312,3305856.15,3369157.67,Toronto Maple Leafs,0.5069,0.25694761,27,1.0786,0.2074
VAN,2021,82,92,37,246,2647118.06,2431713.57,Vancouver Canucks,0.4732,0.22391824,32,0.8711,0.1861
VGK,2021,82,94,39,262,3388179.04,2910077.7,Vegas Golden Knights,0.4599,0.21150801,27,0.7661,0.18
WPG,2021,82,89,37,250,3370987.08,2513183.29,Winnipeg Jets,0.4124,0.17007376,24,0.58,0.1561
ANA,2020,56,43,15,124,2994444.41,2384663.79,Anaheim Ducks,0.4304,0.18524416,27,0.6586,0.1547
ARI,2020,56,54,21,150,2828649.41,2370974.53,Arizona Coyotes,0.4472,0.19998784,29,0.7277,0.1713
BOS,2020,56,73,29,164,2675434.06,2336811.12,Boston Bruins,0.4573,0.20912329,34,0.786,0.1683
BUF,2020,56,37,11,134,2424826.1,2448330.28,Buffalo Sabres,0.4806,0.23097636,29,1.0559,0.1839
CGY,2020,56,55,25,155,3019615.35,2453758.84,Calgary Flames,0.4396,0.19324816,26,0.6867,0.1803
CAR,2020,56,80,32,175,2907293.15,2170866.08,Carolina Hurricanes,0.4092,0.16744464,27,0.579,0.1419
CHI,2020,56,55,22,159,2437030.49,2575023.21,Chicago Blackhawks,0.4833,0.23357889,37,1.1475,0.195
COL,2020,56,82,39,197,2718920.54,2168572.81,Colorado Avalanche,0.4266,0.18198756,35,0.6549,0.1509
CBJ,2020,56,48,15,134,2395566.97,1983488.67,Columbus Blue Jackets,0.4357,0.18983449,31,0.7084,0.1548
DAL,2020,56,60,21,156,2752096.74,2525534.15,Dallas Stars,0.4638,0.21511044,31,0.8702,0.1706
DET,2020,56,48,17,125,2511694.86,1771719.62,Detroit Red Wings,0.3841,0.14753281,28,0.516,0.12
EDM,2020,56,72,35,183,2512652.31,2589557.83,Edmonton Oilers,0.4789,0.22934521,35,1.0934,0.1836
FLA,2020,56,79,36,188,2296559.49,2305280.35,Florida Panthers,0.4781,0.22857961,35,1.0372,0.1831
LAK,2020,56,49,20,142,2036927,2560310.22,Los Angeles Kings,0.5007,0.25070049,32,1.6309,0.2151
MIN,2020,56,75,34,180,3032777,2273909.1,Minnesota Wild,0.4131,0.17065161,28,0.583,0.1468
MTL,2020,56,59,23,158,2892461.55,2357355.5,Montreal Canadiens,0.4254,0.18096516,31,0.6864,0.1511
NSH,2020,56,64,26,151,2561657.91,2383667.19,Nashville Predators,0.4683,0.21930489,34,0.8921,0.1735
NJD,2020,56,45,19,145,2221498.2,2132941.41,New Jersey Devils,0.4578,0.20958084,25,0.9603,0.1696
NYI,2020,56,71,28,152,3304416.67,2169675.6,New York Islanders,0.3692,0.13630864,30,0.446,0.1226
NYR,2020,56,60,26,176,1958988.05,2346759.46,New York Rangers,0.4719,0.22268961,40,1.4719,0.201
OTT,2020,56,51,21,155,2086360.24,2041169.08,Ottawa Senators,0.467,0.218089,34,0.9862,0.1818
PHI,2020,56,58,22,160,2877606.56,2550443.62,Philadelphia Flyers,0.4654,0.21659716,27,0.8158,0.1754
PIT,2020,56,77,34,193,2625134.35,2464671.52,Pittsburgh Penguins,0.4766,0.22714756,34,0.9082,0.1856
SJS,2020,56,49,16,146,2592426.44,2880427.44,San Jose Sharks,0.524,0.274576,34,1.2719,0.231
STL,2020,56,63,25,167,2636306.27,2294313.28,St. Louis Blues,0.4575,0.20930625,37,0.7784,0.1722
TBL,2020,56,75,35,180,3350781.22,2869991.19,Tampa Bay Lightning,0.463,0.214369,32,0.7573,0.1858
TOR,2020,56,77,34,186,3041372.12,3161742.99,Toronto Maple Leafs,0.5084,0.25847056,32,1.1156,0.2067
VAN,2020,56,50,20,148,2225801.54,1937941.9,Vancouver Canucks,0.4441,0.19722481,35,0.7804,0.1647
VGK,2020,56,82,39,190,3245771.63,2654881.02,Vegas Golden Knights,0.4436,0.19678096,27,0.6948,0.1642
WPG,2020,56,63,30,170,2839775,2413688.38,Winnipeg Jets,0.4535,0.20566225,31,0.7465,0.1721
ANA,2019,71,67,24,182,3259303.75,2438284.02,Anaheim Ducks,0.4144,0.17172736,24,0.584,0.1516
ARI,2019,70,74,28,190,3594651,2263330.66,Arizona Coyotes,0.3548,0.12588304,24,0.4137,0.1147
BOS,2019,70,100,44,227,2958056.96,2248540.97,Boston Bruins,0.4113,0.16916769,25,0.6019,0.137
BUF,2019,69,68,28,193,3172200,2436311.9,Buffalo Sabres,0.4043,0.16345849,25,0.6144,0.1316
CGY,2019,70,79,30,204,3163252.32,2247357.4,Calgary Flames,0.399,0.159201,25,0.5258,0.1396
CAR,2019,68,81,33,217,3590826.09,2028850.19,Carolina Hurricanes,0.3178,0.10099684,23,0.3337,0.0945
CHI,2019,70,72,28,208,2954510.89,2897755.38,Chicago Blackhawks,0.4882,0.23833924,27,0.9989,0.1986
COL,2019,70,92,41,236,2907106.19,2126495.08,Colorado Avalanche,0.3934,0.15476356,26,0.5565,0.1269
CBJ,2019,70,81,33,180,2495641.1,1896971.63,Columbus Blue Jackets,0.4092,0.16744464,31,0.597,0.1395
DAL,2019,69,82,35,178,3324652.79,2617765.5,Dallas Stars,0.4143,0.17164449,24,0.6469,0.1361
DET,2019,71,39,14,142,2526480.25,1741367.16,Detroit Red Wings,0.3797,0.14417209,28,0.4927,0.121
EDM,2019,71,83,35,223,2948932.04,2770503.37,Edmonton Oilers,0.4647,0.21594609,27,0.9166,0.1728
FLA,2019,69,78,32,228,3223020.75,2574583.22,Florida Panthers,0.4344,0.18870336,24,0.6658,0.1577
LAK,2019,70,64,28,177,2553608.82,2999349.05,Los Angeles Kings,0.5329,0.28398241,22,1.4453,0.2338
MIN,2019,69,77,33,218,3450163.14,2161375.81,Minnesota Wild,0.3563,0.12694969,22,0.4111,0.1094
MTL,2019,71,71,27,208,3138281.52,2470477.59,Montreal Canadiens,0.4142,0.17156164,23,0.6479,0.1411
NSH,2019,69,78,32,212,3429670.09,2384264.81,Nashville Predators,0.3903,0.15233409,23,0.5053,0.1342
NJD,2019,69,68,24,185,2468636.32,2264803.28,New Jersey Devils,0.4658,0.21696964,22,0.8818,0.176
NYI,2019,68,80,32,189,2988132.14,1977578.83,New York Islanders,0.3723,0.13860729,29,0.4536,0.1169
NYR,2019,70,79,36,233,2246938.74,2619124.02,New York Rangers,0.4936,0.24364096,35,1.3987,0.2113
OTT,2019,71,62,24,190,2592930.56,1914179.59,Ottawa Senators,0.402,0.161604,27,0.5659,0.1343
PHI,2019,69,89,36,227,3195416.76,2641221.43,Philadelphia Flyers,0.4499,0.20241001,25,0.7117,0.1703
PIT,2019,69,86,37,221,3149087.96,2580802.74,Pittsburgh Penguins,0.442,0.195364,27,0.6975,0.1645
SJS,2019,70,63,27,180,2979358.96,3107829.9,San Jose Sharks,0.5171,0.26739241,26,1.1316,0.2262
STL,2019,71,94,40,223,3373397.38,2219408.78,St. Louis Blues,0.3709,0.13756681,26,0.4502,0.1228
TBL,2019,70,92,41,243,3277916.62,2814067.66,Tampa Bay Lightning,0.4598,0.21141604,24,0.7691,0.1755
TOR,2019,70,81,35,237,3612522.81,3288812.14,Toronto Maple Leafs,0.4758,0.22638564,27,0.8607,0.1917
VAN,2019,69,78,32,224,3064326.92,1907639.52,Vancouver Canucks,0.3516,0.12362256,26,0.403,0.1063
VGK,2019,71,86,36,224,3731521.74,2530791.01,Vegas Golden Knights,0.3798,0.14424804,23,0.4809,0.131
WPG,2019,71,80,34,213,2814098.52,2407100.87,Winnipeg Jets,0.4571,0.20894041,29,0.7578,0.1764
ANA,2018,82,80,32,196,3163825.73,2452665.68,Anaheim Ducks,0.42,0.1764,22,0.6296,0.1421
ARI,2018,82,86,35,209,2380287.31,1933145.67,Arizona Coyotes,0.4294,0.18438436,29,0.6831,0.1528
BOS,2018,82,107,47,257,3086666.64,2407811.45,Boston Bruins,0.4279,0.18309841,25,0.6339,0.1566
BUF,2018,82,76,28,221,3190584.41,2318066.94,Buffalo Sabres,0.3906,0.15256836,22,0.553,0.1259
CGY,2018,82,107,50,289,2860284.82,2212218.57,Calgary Flames,0.4243,0.18003049,28,0.6203,0.158
CAR,2018,82,99,44,243,2556268.09,1911632.16,Carolina Hurricanes,0.4057,0.16459249,23,0.5847,0.1383
CHI,2018,82,84,33,267,3135440.3,3024167.51,Chicago Blackhawks,0.4895,0.23961025,23,0.9726,0.1976
COL,2018,82,90,36,258,3106357.12,2187217.36,Colorado Avalanche,0.393,0.154449,25,0.5164,0.1301
CBJ,2018,82,98,45,256,2786111.1,2099263.69,Columbus Blue Jackets,0.4109,0.16883881,30,0.5873,0.14
DAL,2018,82,93,42,209,2991810.34,2209755.02,Dallas Stars,0.3947,0.15578809,29,0.565,0.126
DET,2018,82,74,29,224,3258974.08,1778569.23,Detroit Red Wings,0.3107,0.09653449,24,0.3108,0.0897
EDM,2018,82,79,32,229,3209561.57,2884699.56,Edmonton Oilers,0.4556,0.20757136,23,0.8445,0.1675
FLA,2018,82,86,33,264,3041413.04,2156859.82,Florida Panthers,0.3952,0.15618304,23,0.5258,0.1343
LAK,2018,82,71,28,199,2975200.46,2725661.67,Los Angeles Kings,0.4798,0.23020804,24,0.8758,0.1952
MIN,2018,82,83,36,210,2682734.19,2296407.4,Minnesota Wild,0.4548,0.20684304,26,0.762,0.1754
MTL,2018,82,96,41,246,2550727.52,2436916.21,Montreal Canadiens,0.4653,0.21650409,27,0.9479,0.1707
NSH,2018,82,100,43,236,2760446.39,2310251.95,Nashville Predators,0.4472,0.19998784,28,0.7264,0.1657
NJD,2018,82,72,28,219,2359094.17,1972413.91,New Jersey Devils,0.4365,0.19053225,23,0.7308,0.158
NYI,2018,82,103,43,223,2686698.69,1772538.76,New York Islanders,0.3703,0.13712209,26,0.4527,0.1133
NYR,2018,82,78,26,221,2675597.74,2314964.05,New York Rangers,0.4538,0.20593444,23,0.7826,0.1723
OTT,2018,82,64,29,242,2412765.14,1831086.57,Ottawa Senators,0.4039,0.16313521,22,0.6034,0.1337
PHI,2018,82,82,34,241,2728698.35,2425053.15,Philadelphia Flyers,0.4607,0.21224449,23,0.8257,0.1729
PIT,2018,82,100,42,271,3155466.64,2716622.47,Pittsburgh Penguins,0.4619,0.21335161,25,0.7721,0.1876
SJS,2018,82,101,46,289,3375277.79,2551299.6,San Jose Sharks,0.421,0.177241,24,0.5962,0.1635
STL,2018,82,99,42,244,3134871.73,2348538.17,St. Louis Blues,0.4161,0.17313921,26,0.5837,0.1546
TBL,2018,82,128,56,319,3210069.42,2359686.15,Tampa Bay Lightning,0.405,0.164025,24,0.5638,0.147
TOR,2018,82,100,46,286,2783015.79,2759395.97,Toronto Maple Leafs,0.4882,0.23833924,29,1.0182,0.1954
VAN,2018,82,81,29,219,2203116.09,1588060.38,Vancouver Canucks,0.3847,0.14799409,33,0.5358,0.1194
VGK,2018,82,93,40,246,2906696.43,2055552.37,Vegas Golden Knights,0.3948,0.15586704,28,0.5186,0.1316
WPG,2018,82,99,45,270,3029697.48,2273249.4,Winnipeg Jets,0.4121,0.16982641,27,0.5846,0.1504
ANA,2017,82,101,40,231,2674226.18,2241448.91,Anaheim Ducks,0.4318,0.18645124,28,0.7285,0.1483
ARI,2017,82,70,27,206,2105277.67,1886998.32,Arizona Coyotes,0.447,0.199809,24,0.8383,0.163
BOS,2017,82,112,47,267,2989683.28,2635155.75,Boston Bruins,0.4659,0.21706281,25,0.8093,0.1889
BUF,2017,82,62,24,198,2587479.3,2075378.51,Buffalo Sabres,0.4296,0.18455616,23,0.6726,0.1498
CGY,2017,82,84,35,216,2806152.54,2143076.74,Calgary Flames,0.4224,0.17842176,26,0.6066,0.1517
CAR,2017,82,83,33,225,2497874.95,1770892.57,Carolina Hurricanes,0.3894,0.15163236,20,0.5291,0.1253
CHI,2017,82,76,32,228,3172013.41,3173234.66,Chicago Blackhawks,0.5091,0.25918281,22,1.0484,0.2251
COL,2017,82,95,41,255,2387520.52,2208076.54,Colorado Avalanche,0.4654,0.21659716,29,0.8859,0.1781
CBJ,2017,82,97,39,236,2643505.3,2040353.6,Columbus Blue Jackets,0.4209,0.17715681,27,0.6186,0.1452
DAL,2017,82,92,38,231,3274393.95,2544256.99,Dallas Stars,0.4256,0.18113536,22,0.6325,0.1542
DET,2017,82,73,25,212,3018009.64,1975153.19,Detroit Red Wings,0.3664,0.13424896,22,0.4487,0.1271
EDM,2017,82,78,31,229,2510029.78,2254238.89,Edmonton Oilers,0.4607,0.21224449,23,0.8432,0.1766
FLA,2017,82,96,41,245,2767048.58,2110036.13,Florida Panthers,0.4176,0.17438976,24,0.6068,0.1449
LAK,2017,82,98,43,237,2861481.5,2561375.55,Los Angeles Kings,0.4697,0.22061809,26,0.8333,0.1806
MIN,2017,82,101,42,250,2652365.17,2278777.75,Minnesota Wild,0.4577,0.20948929,29,0.7645,0.1753
MTL,2017,82,71,27,207,2394473.38,2200477.18,Montreal Canadiens,0.4688,0.21977344,26,0.8783,0.1851
NSH,2017,82,117,47,261,2657048.58,2295452.11,Nashville Predators,0.4528,0.20502784,24,0.7788,0.1726
NJD,2017,82,97,39,243,2148787.11,1847996.14,New Jersey Devils,0.4408,0.19430464,35,0.7614,0.1592
NYI,2017,82,80,32,261,2802532.08,1848519.71,New York Islanders,0.3715,0.13801225,26,0.4525,0.1192
NYR,2017,82,77,31,228,2432066.64,2185797.38,New York Rangers,0.4582,0.20994724,25,0.8414,0.1671
OTT,2017,82,67,26,219,2937689.36,2046283.28,Ottawa Senators,0.3906,0.15256836,22,0.5083,0.1286
PHI,2017,82,98,40,249,2996932.68,2142220.7,Philadelphia Flyers,0.384,0.147456,25,0.5322,0.1225
PIT,2017,82,100,45,270,3231341.12,2699001.34,Pittsburgh Penguins,0.4535,0.20566225,24,0.728,0.1768
SJS,2017,82,100,40,247,3048666.68,2247305.08,San Jose Sharks,0.4072,0.16581184,25,0.566,0.1409
STL,2017,82,94,41,223,2732800,2237722.2,St. Louis Blues,0.4357,0.18983449,25,0.6984,0.1639
TBL,2017,82,113,48,290,2880555.56,2282405.67,Tampa Bay Lightning,0.4284,0.18352656,27,0.652,0.1538
TOR,2017,82,105,42,270,2917403.85,1894000.27,Toronto Maple Leafs,0.3651,0.13329801,26,0.4383,0.1186
VAN,2017,82,73,31,218,2661664.63,2051223.36,Vancouver Canucks,0.421,0.177241,27,0.6168,0.1477
VGK,2017,82,109,47,268,2170156.22,1746890.05,Vegas Golden Knights,0.4261,0.18156121,32,0.6689,0.1473
WPG,2017,82,114,48,273,2569055.53,2219589.99,Winnipeg Jets,0.4536,0.20575296,30,0.7722,0.1705
ANA,2016,82,105,43,220,2826916.82,2298835.9,Anaheim Ducks,0.4316,0.18627856,28,0.6858,0.1535
ARI,2016,82,70,24,191,2205835.54,1767147.94,Arizona Coyotes,0.4168,0.17372224,28,0.6656,0.1408
BOS,2016,82,95,42,232,2658482.14,2318697.79,Boston Bruins,0.4567,0.20857489,28,0.7889,0.172
BUF,2016,82,78,31,199,2758427.23,2057393.75,Buffalo Sabres,0.4089,0.16719921,26,0.5786,0.141
CGY,2016,82,94,41,222,3012433.4,2054334.93,Calgary Flames,0.384,0.147456,25,0.4844,0.1271
CAR,2016,82,87,33,212,2126856.05,1737246.69,Carolina Hurricanes,0.4279,0.18309841,22,0.699,0.1482
CHI,2016,82,109,46,240,2826158.77,2957448.16,Chicago Blackhawks,0.5165,0.26677225,26,1.1389,0.222
COL,2016,82,48,21,165,2554224.24,2154513.81,Colorado Avalanche,0.4479,0.20061441,25,0.7412,0.1711
CBJ,2016,82,108,48,247,2525504.9,2129864.15,Columbus Blue Jackets,0.4495,0.20205025,29,0.7366,0.1702
DAL,2016,82,79,33,222,2754639.83,2188562.34,Dallas Stars,0.4306,0.18541636,23,0.6599,0.1611
DET,2016,82,79,24,198,3016030.91,1976681.5,Detroit Red Wings,0.3672,0.13483584,23,0.4491,0.1316
EDM,2016,82,103,43,243,2396499.93,1838161.73,Edmonton Oilers,0.4073,0.16589329,28,0.6101,0.135
FLA,2016,82,81,30,205,2585347.21,1795994.95,Florida Panthers,0.3839,0.14737921,24,0.5036,0.1243
LAK,2016,82,86,37,199,3310915.61,2463434.29,Los Angeles Kings,0.4091,0.16736281,23,0.5787,0.1428
MIN,2016,82,106,46,263,2961010.28,2171273.41,Minnesota Wild,0.4053,0.16426809,25,0.5601,0.1364
MTL,2016,82,103,44,223,2919394.79,2252264.87,Montreal Canadiens,0.4199,0.17631601,24,0.6211,0.1478
NSH,2016,82,94,39,238,2364109.17,2265194.07,Nashville Predators,0.4886,0.23872996,29,0.9509,0.1981
NJD,2016,82,70,25,180,2818951.14,2018321.32,New Jersey Devils,0.3962,0.15697444,21,0.5383,0.1382
NYI,2016,82,94,39,239,2947103.25,1731080.82,New York Islanders,0.3361,0.11296321,24,0.36,0.0992
NYR,2016,82,102,45,253,2793518.52,2308564.9,New York Rangers,0.4399,0.19351201,27,0.7092,0.1553
OTT,2016,82,98,38,206,2608027.77,2100460.65,Ottawa Senators,0.4338,0.18818244,30,0.671,0.1535
PHI,2016,82,88,32,212,2877469.2,2214356.08,Philadelphia Flyers,0.412,0.169744,25,0.6169,0.141
PIT,2016,82,111,46,278,2787067.45,2583142.85,Pittsburgh Penguins,0.4839,0.23415921,29,0.8897,0.1926
SJS,2016,82,99,44,219,3328968.29,2042451.89,San Jose Sharks,0.3502,0.12264004,21,0.3953,0.1116
STL,2016,82,99,44,233,2980329.88,2220661.25,St. Louis Blues,0.408,0.166464,24,0.5793,0.1384
TBL,2016,82,94,38,230,2840708.3,2141608.14,Tampa Bay Lightning,0.4086,0.16695396,20,0.5983,0.1445
TOR,2016,82,95,39,250,2320505.96,1653653.66,Toronto Maple Leafs,0.3904,0.15241216,28,0.5266,0.1243
VAN,2016,82,69,26,178,2307284.48,2111921.29,Vancouver Canucks,0.4644,0.21566736,29,0.8677,0.1768
WPG,2016,82,87,37,246,2443075.31,2095336.75,Winnipeg Jets,0.4426,0.19589476,26,0.765,0.1597
ANA,2015,82,103,43,215,2401574.04,2159087.15,Anaheim Ducks,0.4427,0.19598329,27,0.8393,0.1564
ARI,2015,82,78,34,208,2264886.22,1731196.27,Arizona Coyotes,0.4086,0.16695396,27,0.6067,0.1386
BOS,2015,82,93,38,236,2852291.67,2286487.71,Boston Bruins,0.4358,0.18992164,24,0.6706,0.1628
BUF,2015,82,81,33,199,2306347.64,1765979.25,Buffalo Sabres,0.4092,0.16744464,25,0.6107,0.1363
CGY,2015,82,77,33,229,2710037.86,1628922.47,Calgary Flames,0.3381,0.11431161,22,0.3785,0.1013
CAR,2015,82,86,33,196,2068939.32,2024000.16,Carolina Hurricanes,0.4721,0.22287841,22,1.0026,0.1864
CHI,2015,82,103,46,234,2898790.08,2956177.55,Chicago Blackhawks,0.5111,0.26122321,24,1.0852,0.2142
COL,2015,82,82,35,212,2489176.73,1834235.53,Colorado Avalanche,0.4039,0.16313521,26,0.5647,0.1325
CBJ,2015,82,76,28,213,2814948.22,2129180.85,Columbus Blue Jackets,0.4144,0.17172736,23,0.5981,0.1441
DAL,2015,82,109,48,265,2590248.15,2049272.14,Dallas Stars,0.4251,0.18071001,27,0.65,0.1471
DET,2015,82,93,39,209,2791115.12,2033989.46,Detroit Red Wings,0.4043,0.16345849,25,0.5532,0.1361
EDM,2015,82,70,27,199,2314089.52,1819082.7,Edmonton Oilers,0.4155,0.17264025,27,0.6417,0.1364
FLA,2015,82,103,40,232,2665790.78,1799223.79,Florida Panthers,0.3716,0.13808656,27,0.4731,0.1213
LAK,2015,82,102,46,223,3055156.89,2069889.8,Los Angeles Kings,0.3845,0.14784025,28,0.476,0.1287
MIN,2015,82,87,35,213,2939778.08,2364541.23,Minnesota Wild,0.4412,0.19465744,24,0.6751,0.1668
MTL,2015,82,82,33,216,2489940.43,2240240.89,Montreal Canadiens,0.4669,0.21799561,28,0.8395,0.1795
NSH,2015,82,96,37,224,2503552.4,2091733.4,Nashville Predators,0.4454,0.19838116,25,0.7272,0.1685
NJD,2015,82,84,36,182,2483260.83,2071622.75,New Jersey Devils,0.4408,0.19430464,23,0.7276,0.1745
NYI,2015,82,100,40,227,2496474.37,1717495.34,New York Islanders,0.3847,0.14799409,27,0.4915,0.1217
NYR,2015,82,101,43,233,3533652.17,2628241.93,New York Rangers,0.4144,0.17172736,23,0.5783,0.1517
OTT,2015,82,85,32,230,2307943.54,1831446.91,Ottawa Senators,0.4165,0.17347225,26,0.6549,0.1361
PHI,2015,82,96,38,211,2603076.92,1973059.43,Philadelphia Flyers,0.409,0.167281,26,0.5975,0.1401
PIT,2015,82,104,44,241,2687959.69,2610148.35,Pittsburgh Penguins,0.4977,0.24770529,29,0.9766,0.2027
SJS,2015,82,98,42,237,2856099.96,2087433.94,San Jose Sharks,0.4081,0.16654561,25,0.5564,0.1425
STL,2015,82,107,44,219,2975989.58,2142451.59,St. Louis Blues,0.3991,0.15928081,24,0.5408,0.1325
TBL,2015,82,97,43,224,2784792.35,2073946.08,Tampa Bay Lightning,0.4131,0.17065161,26,0.5768,0.1466
TOR,2015,82,69,23,192,2744393.95,1607772.05,Toronto Maple Leafs,0.3314,0.10982596,22,0.3596,0.1041
VAN,2015,82,75,26,186,2825870.04,2026210.62,Vancouver Canucks,0.3943,0.15547249,25,0.5355,0.1274
WPG,2015,82,78,32,212,2042931.03,1784448.37,Winnipeg Jets,0.4387,0.19245769,29,0.7902,0.1584
